{"loss": [4.835181713104248, 4.905812740325928, 4.8271379470825195, 4.684382915496826, 4.664957046508789, 4.693188190460205, 4.576389789581299, 4.506045341491699, 4.561557292938232, 4.49564790725708, 4.420374870300293, 4.410341739654541, 4.481690406799316, 4.432647228240967, 4.393545150756836, 4.473435401916504, 4.409377098083496, 4.34987211227417, 4.396754264831543, 4.378586769104004, 4.254868984222412, 4.311389923095703, 4.247831344604492, 4.220839023590088, 4.217203140258789, 4.263466835021973, 4.0711164474487305, 4.17799711227417, 3.972593069076538, 3.9778149127960205, 3.980968475341797, 3.9750828742980957, 3.908071517944336, 3.816316604614258, 3.8196587562561035, 3.7203421592712402, 3.8216195106506348, 3.6284210681915283, 3.6722586154937744, 3.6568143367767334, 3.6823346614837646, 3.6910948753356934, 3.61202335357666, 3.629323959350586, 3.6467509269714355, 3.6139872074127197, 3.6131653785705566, 3.6399214267730713, 3.6226389408111572, 3.6534407138824463, 3.534637451171875, 3.653059244155884, 3.5912768840789795, 3.534912347793579, 3.59476375579834, 3.5331826210021973, 3.603046178817749, 3.575801372528076, 3.6003637313842773, 3.6349804401397705, 3.603245258331299, 3.6182141304016113, 3.5876612663269043, 3.518070936203003, 3.6876590251922607, 3.5608763694763184, 3.569767713546753, 3.5929760932922363, 3.5360472202301025, 3.603301525115967, 3.604400634765625, 3.6525447368621826, 3.6151225566864014, 3.5528156757354736, 3.5697288513183594, 3.628875255584717, 3.6107850074768066, 3.622161865234375, 3.6487326622009277, 3.55653715133667, 3.6228392124176025, 3.6148462295532227, 3.5258734226226807, 3.5786550045013428, 3.589675188064575, 3.5681490898132324, 3.6133315563201904, 3.603806495666504, 3.6344892978668213, 3.5896055698394775, 3.5929198265075684, 3.6688714027404785, 3.608177900314331, 3.573989152908325, 3.603637933731079, 3.5823192596435547, 3.5942955017089844, 3.5973291397094727, 3.6221158504486084, 3.6314451694488525, 3.6474878787994385, 3.624934434890747, 3.571272611618042, 3.590817451477051, 3.6267690658569336, 3.5472571849823, 3.5278520584106445, 3.5974903106689453, 3.6780006885528564, 3.574509859085083, 3.63200044631958, 3.5423038005828857, 3.58223295211792, 3.603222608566284, 3.6380088329315186, 3.5780649185180664, 3.5954782962799072, 3.6360344886779785], "fidelity_mps": [0.31769027879232137, 0.3321686688797446, 0.3446490698801779, 0.3602386819380323, 0.3738687442885078, 0.3914527633053212, 0.4078839075850192, 0.42239524383881416, 0.43765723749832675, 0.451874939805175, 0.46541472842814313, 0.4792480300911636, 0.4914983590819687, 0.5029886023575768, 0.5139894277597863, 0.5249428610582108, 0.535549305093174, 0.5464306405034298, 0.5565750239841608, 0.5667077576400658, 0.5765277903336633, 0.5860889482153544, 0.5964594739352735, 0.6079678100624898, 0.6226373978211297, 0.6411848456716487, 0.665062748347074, 0.6975500678607542, 0.727827442918606, 0.7607534376843526, 0.7902971585535664, 0.8156103558486795, 0.8396818724965631, 0.8605317215996342, 0.8780499228873633, 0.8934429679684551, 0.9075069232336975, 0.9186944389952758, 0.9281682945116645, 0.9367215932483625, 0.9450810014148666, 0.9518264186620577, 0.9571344320968977, 0.9616101190866194, 0.9660825947527812, 0.9694345076158919, 0.972626690872167, 0.9753133522933906, 0.977772206531316, 0.9798962962161923, 0.9816092194113561, 0.9829503666137045, 0.9843964021127749, 0.9854930621575224, 0.98646426334968, 0.9874229781904456, 0.9882007859285976, 0.9890459182461273, 0.9894516216661651, 0.9900084137618824, 0.9905338794112727, 0.9910616060189307, 0.9912789670650226, 0.9915236451322781, 0.9918825001040936, 0.9921030728159062, 0.9924703672951805, 0.9927367353151938, 0.9928619384141679, 0.9931403200893149, 0.9931893811525835, 0.9932825131693017, 0.9934176114234082, 0.9934904919103223, 0.9936039567986304, 0.9937348462378991, 0.9938793000175364, 0.9939043328144447, 0.9940059418761995, 0.9940090842866623, 0.9940611316523696, 0.994084915822287, 0.9942297595444933, 0.9942045268476629, 0.9942853043627254, 0.994351120955731, 0.9943210692305199, 0.9944919124097391, 0.9944873575765159, 0.9946302285324672, 0.994570971333687, 0.994562833360696, 0.9947011635923843, 0.9946713466655829, 0.9947189133934767, 0.9947007585820551, 0.9946884530711562, 0.9946475731608619, 0.99468732641838, 0.9946180374701636, 0.9947029145795968, 0.9946761795229675, 0.9948105869774659, 0.9947401148939301, 0.9947815948517226, 0.9948302363469926, 0.9948176577961327, 0.9947068612728466, 0.9948334884601394, 0.9948217459306828, 0.9947926596782793, 0.9948171555070583, 0.9947958837748422, 0.9948161028532054, 0.9947161944257527, 0.9947840030763883, 0.994740498330479, 0.9946793872389069], "fidelity_qutip": [], "max_bond_dim": [2, 2, 2, 2, 2, 2, 2, 2, 2, 2, 2, 2, 2, 2, 2, 2, 2, 2, 2, 2, 2, 2, 3, 3, 3, 3, 4, 5, 5, 5, 5, 5, 5, 5, 5, 5, 5, 5, 5, 5, 5, 5, 5, 5, 5, 5, 5, 5, 5, 5, 5, 5, 5, 5, 5, 5, 5, 5, 5, 5, 5, 5, 5, 5, 5, 5, 5, 5, 5, 5, 5, 5, 5, 5, 5, 5, 5, 5, 5, 5, 5, 5, 5, 5, 5, 5, 5, 5, 5, 5, 5, 5, 5, 5, 5, 5, 5, 5, 5, 5, 5, 5, 5, 5, 5, 5, 5, 5, 5, 5, 5, 5, 5, 5, 5, 5, 5, 5], "eigenvalues": [], "s2": [0.1867298194460009, 0.2096213756242542, 0.23460628539484846, 0.25295266627489704, 0.27741737120566823, 0.30067891696528587, 0.3181438722298298, 0.34140603871720854, 0.3586569049062783, 0.37639286640430264, 0.3924366410619881, 0.40802610938852907, 0.422297790072164, 0.43414663773318923, 0.4447415793848096, 0.4553837165273869, 0.4694670453273654, 0.4860060409904972, 0.49560435172071476, 0.5035711547357417, 0.5145527450285283, 0.5247734307180079, 0.5337521589605404, 0.5420773864180166, 0.5507252496556488, 0.5606606218619617, 0.5719491528593179, 0.5905224541821091, 0.6075583459455716, 0.6364329663247799, 0.6645702234486073, 0.695960061492415, 0.7302185395431331, 0.7620895341290265, 0.7902125399660646, 0.8142470917150282, 0.8379671372474908, 0.8591211190464358, 0.8755010197505813, 0.8888292585308293, 0.9026597010465025, 0.9119522066797859, 0.9219678268684599, 0.9287734450622833, 0.9343201071556746, 0.9368857621433141, 0.9424830073978228, 0.9450735525693545, 0.9497605544665143, 0.9539656911725453, 0.954118656157673, 0.9571479533599347, 0.9579371226814294, 0.960511995307009, 0.960435136147565, 0.9614844973112067, 0.9628711018714873, 0.9652196690104372, 0.9644413080918456, 0.9640045276382835, 0.9662453992070047, 0.9673898720007051, 0.9676125867056583, 0.9678187988693692, 0.9694418992824319, 0.9715901124440686, 0.9696466815059761, 0.9697537255882774, 0.9709020655525972, 0.9711161980376792, 0.971245754320187, 0.9707653941478545, 0.9719538878094308, 0.9715533406153481, 0.9720273835078977, 0.9707033985407112, 0.972237423498992, 0.9751998527440916, 0.9720893824718968, 0.972267759251558, 0.9726026956065371, 0.9739153083277455, 0.9724091281153091, 0.9741217981879406, 0.9726221647691774, 0.9718252636431987, 0.9733181012177256, 0.9721650153834998, 0.9719120614796714, 0.9721454763333286, 0.9721659608310947, 0.974152901655285, 0.9718970957979485, 0.9699298781272415, 0.9715384590390347, 0.9712149772798095, 0.9712285159123369, 0.9710771612822079, 0.9712220614251302, 0.9722215862379585, 0.9720556646423859, 0.9708587095032314, 0.9716781498532522, 0.972687038439551, 0.972328669918047, 0.9740525688162035, 0.971298888268719, 0.9716485407003679, 0.9713118769966682, 0.9704687469317852, 0.9717458762116995, 0.9716183812145636, 0.971152560257337, 0.969522361278915, 0.9720346309647494, 0.9721030905126871, 0.97113343450944, 0.9721491004831503],