{"lr_scale": [0.00808323857021233, 8.435110751494863e-06, 2.133282456160108e-05, 0.00010350066369349099, 0.3647865300126946, 2.6017725085531745e-05, 5.282769566545623e-06, 0.0041167634816499845, 0.011353590927307344, 0.06677883122385606, 1.7802446260822384e-06, 0.0034068318992240805, 0.8637369829961115, 0.02735931109669144, 2.573129926044696e-06, 0.014950619011153958, 0.0056426964799070395, 3.90843196092981e-05, 0.3607193214997351, 6.717253206039188e-06, 0.2731909856053296, 0.011654002405207753, 0.03473476955482083, 5.894279994168095e-05, 0.21159608340723032, 0.0182291601949924, 3.0436269938682722e-06, 2.4595826235863643e-05, 0.008052146169255597, 3.521740259858199e-05, 0.47815663856892027, 2.1956350190562365e-06, 0.03465220877299031, 0.05532127231818082, 1.1662354596500429e-06, 0.7984644150217962, 0.00114505506954766, 0.0004138435158783399, 0.9439537005934752, 2.037115579871167e-06, 0.00042107545336812655, 0.0067587418262249795, 5.279481846041175e-06, 0.2096967655467542, 8.276186068059636e-05, 0.027582000230458783, 0.003427407586841083, 0.3005092964272679, 1.2647493242048415e-06, 0.36890718803486655, 6.35987138246604e-05, 6.116681019522266e-05, 0.022147446065035162, 3.61628739517148e-05, 0.012644228453978442, 0.0910007961085617, 0.09344889152943477, 3.721518393080699e-06, 0.21106794119500902, 0.02219743104966535, 0.1564143675861992, 0.41345995132841906, 2.5801776714122e-05, 0.003210030211101142, 0.013720046583226404, 3.0123114406976635e-05, 8.568519141527292e-05, 3.3488404955353e-05, 0.08012938199857852, 0.2466719388160047, 0.01386065916310759, 0.00015359369934678783, 0.001601806432685813, 3.220819692995739e-05, 4.085583061543937e-06, 8.704552856437827e-06, 1.96057090380344e-05, 6.199662515278515e-06, 3.0248308779241302e-06, 0.0021003743780854843, 0.6896776980831516, 9.430388641779059e-06, 0.5924143755813611, 1.0718964561612506e-06, 0.10413989844645004, 0.012949691940796261, 0.04984847379800737, 0.0017185734811379675, 0.007182952173414124, 0.0011469647653660547, 3.9565324611710265e-05, 0.00011465717073036655, 8.661616429537825e-06, 0.95887408733587, 0.03333344076176966, 2.576424192632956e-06, 0.05118415663626989, 5.523937938029119e-06, 0.012930435250900745, 0.0017418909806419447], "lr_timescale": [58.44406607349538, 74.03757843075137, 61.55457020845221, 58.83351708519495, 53.48108871562567, 76.38130023442753, 65.9929183818088, 19.20314343887185, 25.327275937252317, 60.16541864006051, 32.62582680960644, 17.683478230101088, 87.56417716100361, 66.2999008571075, 22.448722822107374, 34.96540524772796, 24.994905291473447, 67.93057313296016, 35.600781661306485, 16.055266461016814, 99.70572015671739, 90.58898977882967, 63.659889480830934, 47.09887297635754, 31.304609724371467, 63.531589176539775, 44.383970669310926, 28.705280941466718, 87.85216080632816, 18.076446700866615, 84.68414006498519, 44.199883146886705, 62.435776860423886, 11.225578103471985, 93.89296092693004, 73.62228776583224, 66.35259559801813, 88.23302231229688, 91.16499165887333, 7.4062667170392364, 41.21327648835775, 34.01966895813085, 62.5370189575085, 13.293027066345772, 25.5763283833453, 84.49174237007321, 25.046695441958608, 20.378974682327332, 55.88686884882879, 80.86183570172825, 23.702460847305574, 25.130903277381236, 5.384710526699931, 78.91306892167292, 38.558173189492024, 5.670940431889867, 53.090994533413024, 53.020592790583926, 21.16361165626738, 44.37695839094211, 75.27874083731653, 51.32829024095752, 36.86498214128535, 97.66752108774931, 79.25407596113, 5.614813152334305, 80.40654005880948, 58.518721695022066, 12.425623639736315, 96.06016451364177, 89.00307544678152, 27.421531618887766, 53.9045309027137, 5.421274111769685, 51.24327871877912, 45.241376964451526, 30.045010893096176, 32.893238488205874, 34.00351155454473, 41.404463330997594, 76.14097271644835, 11.672553233582335, 75.94104743700568, 48.94077018022382, 25.342072846707012, 68.42825085312802, 42.60545494847678, 55.56930336494595, 81.51046620085158, 89.0941136252543, 69.42577248401034, 75.5988384390423, 43.88174921709276, 57.53056443852435, 95.22842276255034, 83.19479144456632, 72.55261273315357, 42.560163789572556, 67.60205536142709, 69.7990378619855], "s2_scale": [2.6793600241563367e-07, 3.5045204495521824e-07, 6.290328363755935e-07, 6.868628849145897e-05, 0.0002529783592894524, 0.31270089071245, 0.00022575409567721034, 0.7538987517417118, 0.22269232760495986, 0.0017204532109093018, 3.6689603585139617e-07, 0.0007271752156053672, 0.07606307140091315, 0.0014298056515169477, 0.28200852519146846, 0.00023089713985894654, 8.678720228074233e-07, 0.0006280394313610671, 4.764844066549083e-06, 2.3032391350045117e-07, 0.0006272220281502089, 3.1079530579214067e-06, 1.3937419577580196e-07, 0.7958980070629139, 6.728355224022468e-07, 9.382896235113991e-05, 0.004791700907819175, 1.2625542101113506e-05, 0.41839187616723433, 0.002936527699902036, 0.018607804850979424, 1.020543927423472e-05, 2.936086063286937e-06, 0.004138930958392822, 1.5846817501574004e-05, 0.0016436354610382337, 5.0761784528241623e-05, 0.0006484175915867567, 6.409304268747486e-05, 0.0007699763714696508, 0.02561490029697806, 1.4461885270306183e-07, 1.243223406758539e-06, 0.00019153871865628354, 0.001985722763207402, 5.113895007913377e-06, 1.4790175881322424e-05, 1.8193204354976592e-05, 0.01875010090585854, 0.02051675483090088, 1.5985761822921082e-05, 0.00018972529859577147, 0.044557039601184165, 0.0008058220338007898, 1.4616605265918466e-06, 3.174523947186693e-05, 0.5061252385152865, 7.923142758315968e-05, 0.10920788029732374, 0.07394834769854079, 0.00028637453514859394, 2.8312285207783418e-06, 1.149950904465646e-05, 0.30444976338562296, 7.18908387695641e-06, 0.020725535998409643, 1.7385758133336275e-05, 0.09132086389899534, 0.04017452475672174, 0.00011704213633549581, 1.091049655095207e-05, 2.4233217721400743e-05, 1.6504046480745098e-07, 0.009055923140034606, 0.00021852913859286808, 4.068977670868126e-06, 1.441109838301415e-07, 0.33108872205338913, 0.8365694428020981, 4.133434558170276e-06, 2.7394612602280202e-05, 4.858297233080722e-05, 4.7151904309076334e-07, 0.0006772420933707616, 0.028930223123834694, 0.00584486664058996, 0.007988122091547905, 0.03312439398124025, 0.03168396714090301, 1.4113622876017788e-06, 0.5453829062050208, 0.00042306391830383407, 8.732098057437768e-07, 3.7234413951736593e-06, 9.48080568160479e-07, 0.001213362981801845, 0.43787235764672067, 0.3498578740255747, 3.245238398816695e-07, 1.1184958749851434e-06],