{"lr_scale": [0.0045353848398731285, 4.215296919277569e-06, 1.458202266908088e-05, 0.005388285659713442, 2.4425915833461962e-05, 3.210699833040371e-06, 0.003223120173723254, 4.9680145752233266e-05, 0.0006129125990331791, 7.708704533098148e-06, 3.360363037144351e-06, 5.41958475744522e-05, 0.004770737003527986, 0.00030443240306990155, 0.00016472077190013854, 1.1874561384949838e-06, 0.00033567472264799743, 0.0002775781285780998, 1.2390983767080309e-05, 0.0030449183690466853, 0.005844476499007536, 2.136589352595806e-05, 0.0015665781987474568, 1.1220773946008758e-06, 1.8933560095957335e-05, 0.007983862227404572, 0.0001790918113321138, 4.180325246190572e-06, 0.00013367539968366332, 1.5878636388411884e-05, 0.0012517681363734773, 0.004926837736430163, 0.00011567031536502117, 0.0016699648303817648, 0.0004017091719962796, 4.176386200084081e-06, 0.0037939607362961966, 1.4270400733791659e-06, 0.004521451502748141, 0.000450329576366317, 0.001368265550934641, 0.00018822488497308745, 7.168259673983899e-05, 0.002539802317547822, 0.004548398004321708, 0.0013020517891299266, 0.0018417705142613839, 4.401044540578951e-06, 4.089116181053887e-06, 3.0492296423176485e-06], "lr_timescale": [4389.559847056102, 4892.9198288384005, 349.41650285269964, 4066.083847258058, 1300.8666334674256, 1495.7137244064695, 3871.557447021784, 1285.4505810950222, 3247.340094839898, 4889.0600853064625, 2563.81306257921, 4226.193044789368, 4505.1423986256905, 2042.9550048572928, 3921.2870612302117, 4712.672191002016, 4538.580772667635, 4752.348107378975, 2615.673998601061, 921.8643573202613, 1745.1189977995941, 531.8470108447736, 4033.7250181828754, 4658.277733299078, 2137.591416832547, 4948.309386265043, 4941.4984044308185, 2785.4835838402796, 2709.9996944816216, 2803.6287842358042, 1727.6443801497664, 986.4184394238097, 3898.6002616252713, 1202.4092194924233, 3864.609090928017, 1573.6087892671285, 1095.2758601375492, 2373.635894792163, 3779.25156821388, 1649.943486888649, 4123.5965420606035, 1967.50449219262, 1981.4117322959687, 1936.8041002255202, 1116.5025897293222, 2288.4225945246812, 2978.427884683352, 4982.6697605889, 1319.4155309890184, 791.233896238697], "s2_scale": [5.584942639874429e-05, 7.389031077612876e-05, 0.0006283261599250793, 0.6099214990289505, 0.0047699766319193315, 0.3384498049692219, 1.5896520808324481e-06, 0.006941858923747853, 6.33197926990172e-05, 0.007747622559309211, 0.00036691565399683357, 0.07314013253676689, 2.5273705652010782e-05, 1.0499707909387998e-07, 0.0008902531676489576, 1.9756345470430815e-07, 5.184197822535002e-07, 0.02765127119756767, 0.0012734072381805565, 0.0005254415918032765, 7.3904625816381905e-06, 0.00019416706544289644, 0.010526724141656412, 5.757558320539285e-06, 0.00029395528988752375, 0.06566832727250449, 0.4504238000712998, 1.0028254460066575e-07, 4.775024630750336e-07, 0.3746367217821155, 1.0883347905977594e-06, 2.1779373766529943e-07, 0.0005075192431220213, 0.00018490699798855538, 0.00013158348633615408, 0.005403952650240524, 0.028454360710685987, 0.0003886637486471424, 7.890151310426529e-06, 3.1370391395334097e-06, 3.156775466407762e-05, 1.54793946619899e-05, 7.351754491109351e-05, 0.00011840333075799024, 0.09728966019654385, 9.257271451689425e-05, 0.0006983127299423486, 0.001103128593125183, 0.057066376479389, 0.00023948913490505868], "s2_timescale": [3045.445537816801, 4130.639679982373, 3931.9566178558384, 1843.0499232534346, 1770.2806166959542, 1689.9099116590194, 1180.7457205301307, 1036.2650272853123, 2304.8283288363773, 2076.4594472713593, 1171.7427207904207, 1826.3999056365255, 3706.285435623704, 1986.9943229235666, 114.3262488155347, 4105.0609437583225, 1314.9198262970988, 4734.134065156405, 1163.1357594131905, 4972.708792017255, 1909.407344052016, 3563.653410253359, 4884.62647426473, 3447.4986548473676, 3177.9307791773003, 3567.5946079976325, 1978.7146120237212, 2053.2224229206063, 1033.0038998969046, 725.4249486480837, 2098.6556509659013, 3140.1152181358248, 4864.21095551354, 1472.05596093133, 3470.8184650156113, 1737.6965562660605, 2559.4482808428725, 1071.1489341700903, 905.4927182538762, 4884.784987609866, 902.8053530354725, 2179.3973103553953, 131.6078743186742, 1296.766358176138, 2561.228690216443, 1733.1157026283502, 2301.4556733073714, 1240.7717876645288, 2770.005733595673, 1534.6522062802578], "Ntotal": 20000, "val_split": 0.2, "Nparam": 50, "nseed": 1, "epochs": 500, "cutoff": 1e-05, "max_sv": 10, "batch_size": 1024, "use_cache": true, "early_stopping": true}